4169032624238847,平凡的清水宁静2037,8分钟前,荣耀8青春版 颜值担当,6309534030,https://m.weibo.cn/u/6309534030?uid=6309534030,https://tvax2.sinaimg.cn/crop.0.0.80.80.180/006T0a1Uly8fhahlbieh3j3028028q2p.jpg,且行且珍惜
4169032498629538,现实主义day,9分钟前,OPPO R9s,5490963726,https://m.weibo.cn/u/5490963726?uid=5490963726,https://tvax3.sinaimg.cn/crop.0.0.996.996.180/005ZBwv4ly8feot8h8ul1j30ro0roac6.jpg,小鹿:你和关晓彤八字不合，自己认真斟酌。
4169032384455204,卡卡的正能量小天使哈哈,9分钟前,vivo智能手机,6318537923,https://m.weibo.cn/u/6318537923?uid=6318537923,https://tvax2.sinaimg.cn/crop.0.0.664.664.180/006TBWlZly8fi8i3ajzb6j30ig0igt9k.jpg,生命冲不破时间的麻木………………越不过距离的桎梏………………<a href='https://m.weibo.cn/n/M鹿M'>@M鹿M</a>
4169032053278408,失恋百分百,10分钟前,iPhone 7 Plus,6369948740,https://m.weibo.cn/u/6369948740?uid=6369948740,https://tvax1.sinaimg.cn/crop.0.2.1242.1242.180/006X5EEIly8fkbp1ox54kj30yi0ymgq4.jpg,失恋第二十四天
4169031810402078,m紫云儿c,11分钟前,微博 weibo.com,5580195691,https://m.weibo.cn/u/5580195691?uid=5580195691,https://tvax2.sinaimg.cn/crop.131.23.239.239.180/0065DVOjgy1fkgrkhvy4bj30b30a8ab4.jpg,"<a class='k' href='https://m.weibo.cn/k/%E9%B9%BF%E6%99%97?from=feed'>#鹿晗#</a>  <a class='k' href='https://m.weibo.cn/k/%E9%B9%BF%E6%99%97%E7%83%AD%E8%A1%80%E8%A1%97%E8%88%9E%E5%9B%A2?from=feed'>#鹿晗热血街舞团#</a>  <a class='k' href='https://m.weibo.cn/k/%E7%83%AD%E8%A1%80%E8%A1%97%E8%88%9E%E5%9B%A2?from=feed'>#热血街舞团#</a>   期待舞蹈鹿鹿晗<a href='https://m.weibo.cn/n/M鹿M'>@M鹿M</a> ，期待精彩的节目！ <span class=""url-icon""><img src=""//h5.sinaimg.cn/m/emoticon/icon/minions/minions_gaoxing-fa40ea5822.png"" style=""width:1em;height:1em;"" alt=""[小黄人高兴]""></span><span class=""url-icon""><img src=""//h5.sinaimg.cn/m/emoticon/icon/minions/minions_gaoxing-fa40ea5822.png"" style=""width:1em;height:1em;"" alt=""[小黄人高兴]""></span><span class=""url-icon""><img src=""//h5.sinaimg.cn/m/emoticon/icon/minions/minions_gaoxing-fa40ea5822.png"" style=""width:1em;height:1em;"" alt=""[小黄人高兴]""></span>"
4169031735513337,M鹿良人M,12分钟前,OPPO智能手机,5949784660,https://m.weibo.cn/u/5949784660?uid=5949784660,https://tvax2.sinaimg.cn/crop.0.0.664.664.180/006uEGMIly8fl0lt1gia2j30ig0igdhl.jpg,爱你咔咔的！！！
4169031437040937,康丫丫的天空,13分钟前,iPhone 6s Plus,3846534816,https://m.weibo.cn/u/3846534816?uid=3846534816,https://tvax3.sinaimg.cn/crop.16.0.1093.1093.180/e54576a0ly8fkgxqu10mrj20v90ud41n.jpg,<a class='k' href='https://m.weibo.cn/k/%E9%B9%BF%E6%99%97?from=feed'>#鹿晗#</a> <a class='k' href='https://m.weibo.cn/k/%E9%B9%BF%E6%99%97%E7%83%AD%E8%A1%80%E8%A1%97%E8%88%9E%E5%9B%A2?from=feed'>#鹿晗热血街舞团#</a>   期待你的新综艺节目 <a class='k' href='https://m.weibo.cn/k/%E7%83%AD%E8%A1%80%E8%A1%97%E8%88%9E%E5%9B%A2?from=feed'>#热血街舞团#</a>，太想看你跳舞了！<a href='https://m.weibo.cn/n/M鹿M'>@M鹿M</a> 【欧舒丹】加油哦！
4169031370302367,爱丫丫爱微博,13分钟前,OPPO智能手机,5957818566,https://m.weibo.cn/u/5957818566?uid=5957818566,https://tvax2.sinaimg.cn/crop.0.0.664.664.180/006vcoLQly8fjdlks6fsbj30ig0ig3z2.jpg,"回复<a href='https://m.weibo.cn/n/陈赫'>@陈赫</a>:<span class=""url-icon""><img src=""//h5.sinaimg.cn/m/emoticon/icon/default/d_lei-316a1a3ed5.png"" style=""width:1em;height:1em;"" alt=""[泪]""></span><span class=""url-icon""><img src=""//h5.sinaimg.cn/m/emoticon/icon/default/d_lei-316a1a3ed5.png"" style=""width:1em;height:1em;"" alt=""[泪]""></span><span class=""url-icon""><img src=""//h5.sinaimg.cn/m/emoticon/icon/default/d_lei-316a1a3ed5.png"" style=""width:1em;height:1em;"" alt=""[泪]""></span><span class=""url-icon""><img src=""//h5.sinaimg.cn/m/emoticon/icon/default/d_lei-316a1a3ed5.png"" style=""width:1em;height:1em;"" alt=""[泪]""></span>"
4169032624238847,平凡的清水宁静2037,8分钟前,荣耀8青春版 颜值担当,6309534030,https://m.weibo.cn/u/6309534030?uid=6309534030,https://tvax2.sinaimg.cn/crop.0.0.80.80.180/006T0a1Uly8fhahlbieh3j3028028q2p.jpg,且行且珍惜
4169032498629538,现实主义day,9分钟前,OPPO R9s,5490963726,https://m.weibo.cn/u/5490963726?uid=5490963726,https://tvax3.sinaimg.cn/crop.0.0.996.996.180/005ZBwv4ly8feot8h8ul1j30ro0roac6.jpg,小鹿:你和关晓彤八字不合，自己认真斟酌。
4169032384455204,卡卡的正能量小天使哈哈,9分钟前,vivo智能手机,6318537923,https://m.weibo.cn/u/6318537923?uid=6318537923,https://tvax2.sinaimg.cn/crop.0.0.664.664.180/006TBWlZly8fi8i3ajzb6j30ig0igt9k.jpg,生命冲不破时间的麻木………………越不过距离的桎梏………………<a href='https://m.weibo.cn/n/M鹿M'>@M鹿M</a>
4169032053278408,失恋百分百,11分钟前,iPhone 7 Plus,6369948740,https://m.weibo.cn/u/6369948740?uid=6369948740,https://tvax1.sinaimg.cn/crop.0.2.1242.1242.180/006X5EEIly8fkbp1ox54kj30yi0ymgq4.jpg,失恋第二十四天
4169031810402078,m紫云儿c,12分钟前,微博 weibo.com,5580195691,https://m.weibo.cn/u/5580195691?uid=5580195691,https://tvax2.sinaimg.cn/crop.131.23.239.239.180/0065DVOjgy1fkgrkhvy4bj30b30a8ab4.jpg,"<a class='k' href='https://m.weibo.cn/k/%E9%B9%BF%E6%99%97?from=feed'>#鹿晗#</a>  <a class='k' href='https://m.weibo.cn/k/%E9%B9%BF%E6%99%97%E7%83%AD%E8%A1%80%E8%A1%97%E8%88%9E%E5%9B%A2?from=feed'>#鹿晗热血街舞团#</a>  <a class='k' href='https://m.weibo.cn/k/%E7%83%AD%E8%A1%80%E8%A1%97%E8%88%9E%E5%9B%A2?from=feed'>#热血街舞团#</a>   期待舞蹈鹿鹿晗<a href='https://m.weibo.cn/n/M鹿M'>@M鹿M</a> ，期待精彩的节目！ <span class=""url-icon""><img src=""//h5.sinaimg.cn/m/emoticon/icon/minions/minions_gaoxing-fa40ea5822.png"" style=""width:1em;height:1em;"" alt=""[小黄人高兴]""></span><span class=""url-icon""><img src=""//h5.sinaimg.cn/m/emoticon/icon/minions/minions_gaoxing-fa40ea5822.png"" style=""width:1em;height:1em;"" alt=""[小黄人高兴]""></span><span class=""url-icon""><img src=""//h5.sinaimg.cn/m/emoticon/icon/minions/minions_gaoxing-fa40ea5822.png"" style=""width:1em;height:1em;"" alt=""[小黄人高兴]""></span>"
4169031735513337,M鹿良人M,12分钟前,OPPO智能手机,5949784660,https://m.weibo.cn/u/5949784660?uid=5949784660,https://tvax2.sinaimg.cn/crop.0.0.664.664.180/006uEGMIly8fl0lt1gia2j30ig0igdhl.jpg,爱你咔咔的！！！
4169031437040937,康丫丫的天空,13分钟前,iPhone 6s Plus,3846534816,https://m.weibo.cn/u/3846534816?uid=3846534816,https://tvax3.sinaimg.cn/crop.16.0.1093.1093.180/e54576a0ly8fkgxqu10mrj20v90ud41n.jpg,<a class='k' href='https://m.weibo.cn/k/%E9%B9%BF%E6%99%97?from=feed'>#鹿晗#</a> <a class='k' href='https://m.weibo.cn/k/%E9%B9%BF%E6%99%97%E7%83%AD%E8%A1%80%E8%A1%97%E8%88%9E%E5%9B%A2?from=feed'>#鹿晗热血街舞团#</a>   期待你的新综艺节目 <a class='k' href='https://m.weibo.cn/k/%E7%83%AD%E8%A1%80%E8%A1%97%E8%88%9E%E5%9B%A2?from=feed'>#热血街舞团#</a>，太想看你跳舞了！<a href='https://m.weibo.cn/n/M鹿M'>@M鹿M</a> 【欧舒丹】加油哦！
4169031370302367,爱丫丫爱微博,13分钟前,OPPO智能手机,5957818566,https://m.weibo.cn/u/5957818566?uid=5957818566,https://tvax2.sinaimg.cn/crop.0.0.664.664.180/006vcoLQly8fjdlks6fsbj30ig0ig3z2.jpg,"回复<a href='https://m.weibo.cn/n/陈赫'>@陈赫</a>:<span class=""url-icon""><img src=""//h5.sinaimg.cn/m/emoticon/icon/default/d_lei-316a1a3ed5.png"" style=""width:1em;height:1em;"" alt=""[泪]""></span><span class=""url-icon""><img src=""//h5.sinaimg.cn/m/emoticon/icon/default/d_lei-316a1a3ed5.png"" style=""width:1em;height:1em;"" alt=""[泪]""></span><span class=""url-icon""><img src=""//h5.sinaimg.cn/m/emoticon/icon/default/d_lei-316a1a3ed5.png"" style=""width:1em;height:1em;"" alt=""[泪]""></span><span class=""url-icon""><img src=""//h5.sinaimg.cn/m/emoticon/icon/default/d_lei-316a1a3ed5.png"" style=""width:1em;height:1em;"" alt=""[泪]""></span>"
4169033181320914,橙味儿小小小仙女吖,6分钟前,iPad客户端,5566279543,https://m.weibo.cn/u/5566279543?uid=5566279543,https://tvax4.sinaimg.cn/crop.0.1.1536.1536.180/0064HxAjly8fl0mzjffipj316o16rq6x.jpg,"回复<a href='https://m.weibo.cn/n/鹿晗的世界没有了吴世勋'>@鹿晗的世界没有了吴世勋</a>:虽然说不讨厌关晓彤吧但是真的觉得他俩不配啊<span class=""url-icon""><img src=""//h5.sinaimg.cn/m/emoticon/icon/default/d_yunbei-c6964bf237.png"" style=""width:1em;height:1em;"" alt=""[允悲]""></span>"
4169032624238847,平凡的清水宁静2037,8分钟前,荣耀8青春版 颜值担当,6309534030,https://m.weibo.cn/u/6309534030?uid=6309534030,https://tvax2.sinaimg.cn/crop.0.0.80.80.180/006T0a1Uly8fhahlbieh3j3028028q2p.jpg,且行且珍惜
4169032498629538,现实主义day,9分钟前,OPPO R9s,5490963726,https://m.weibo.cn/u/5490963726?uid=5490963726,https://tvax3.sinaimg.cn/crop.0.0.996.996.180/005ZBwv4ly8feot8h8ul1j30ro0roac6.jpg,小鹿:你和关晓彤八字不合，自己认真斟酌。
4169032384455204,卡卡的正能量小天使哈哈,9分钟前,vivo智能手机,6318537923,https://m.weibo.cn/u/6318537923?uid=6318537923,https://tvax2.sinaimg.cn/crop.0.0.664.664.180/006TBWlZly8fi8i3ajzb6j30ig0igt9k.jpg,生命冲不破时间的麻木………………越不过距离的桎梏………………<a href='https://m.weibo.cn/n/M鹿M'>@M鹿M</a>
4169032053278408,失恋百分百,11分钟前,iPhone 7 Plus,6369948740,https://m.weibo.cn/u/6369948740?uid=6369948740,https://tvax1.sinaimg.cn/crop.0.2.1242.1242.180/006X5EEIly8fkbp1ox54kj30yi0ymgq4.jpg,失恋第二十四天
4169031810402078,m紫云儿c,12分钟前,微博 weibo.com,5580195691,https://m.weibo.cn/u/5580195691?uid=5580195691,https://tvax2.sinaimg.cn/crop.131.23.239.239.180/0065DVOjgy1fkgrkhvy4bj30b30a8ab4.jpg,"<a class='k' href='https://m.weibo.cn/k/%E9%B9%BF%E6%99%97?from=feed'>#鹿晗#</a>  <a class='k' href='https://m.weibo.cn/k/%E9%B9%BF%E6%99%97%E7%83%AD%E8%A1%80%E8%A1%97%E8%88%9E%E5%9B%A2?from=feed'>#鹿晗热血街舞团#</a>  <a class='k' href='https://m.weibo.cn/k/%E7%83%AD%E8%A1%80%E8%A1%97%E8%88%9E%E5%9B%A2?from=feed'>#热血街舞团#</a>   期待舞蹈鹿鹿晗<a href='https://m.weibo.cn/n/M鹿M'>@M鹿M</a> ，期待精彩的节目！ <span class=""url-icon""><img src=""//h5.sinaimg.cn/m/emoticon/icon/minions/minions_gaoxing-fa40ea5822.png"" style=""width:1em;height:1em;"" alt=""[小黄人高兴]""></span><span class=""url-icon""><img src=""//h5.sinaimg.cn/m/emoticon/icon/minions/minions_gaoxing-fa40ea5822.png"" style=""width:1em;height:1em;"" alt=""[小黄人高兴]""></span><span class=""url-icon""><img src=""//h5.sinaimg.cn/m/emoticon/icon/minions/minions_gaoxing-fa40ea5822.png"" style=""width:1em;height:1em;"" alt=""[小黄人高兴]""></span>"
4169031735513337,M鹿良人M,12分钟前,OPPO智能手机,5949784660,https://m.weibo.cn/u/5949784660?uid=5949784660,https://tvax2.sinaimg.cn/crop.0.0.664.664.180/006uEGMIly8fl0lt1gia2j30ig0igdhl.jpg,爱你咔咔的！！！
4169031437040937,康丫丫的天空,13分钟前,iPhone 6s Plus,3846534816,https://m.weibo.cn/u/3846534816?uid=3846534816,https://tvax3.sinaimg.cn/crop.16.0.1093.1093.180/e54576a0ly8fkgxqu10mrj20v90ud41n.jpg,<a class='k' href='https://m.weibo.cn/k/%E9%B9%BF%E6%99%97?from=feed'>#鹿晗#</a> <a class='k' href='https://m.weibo.cn/k/%E9%B9%BF%E6%99%97%E7%83%AD%E8%A1%80%E8%A1%97%E8%88%9E%E5%9B%A2?from=feed'>#鹿晗热血街舞团#</a>   期待你的新综艺节目 <a class='k' href='https://m.weibo.cn/k/%E7%83%AD%E8%A1%80%E8%A1%97%E8%88%9E%E5%9B%A2?from=feed'>#热血街舞团#</a>，太想看你跳舞了！<a href='https://m.weibo.cn/n/M鹿M'>@M鹿M</a> 【欧舒丹】加油哦！
4169033181320914,橙味儿小小小仙女吖,6分钟前,iPad客户端,5566279543,https://m.weibo.cn/u/5566279543?uid=5566279543,https://tvax4.sinaimg.cn/crop.0.1.1536.1536.180/0064HxAjly8fl0mzjffipj316o16rq6x.jpg,"回复<a href='https://m.weibo.cn/n/鹿晗的世界没有了吴世勋'>@鹿晗的世界没有了吴世勋</a>:虽然说不讨厌关晓彤吧但是真的觉得他俩不配啊<span class=""url-icon""><img src=""//h5.sinaimg.cn/m/emoticon/icon/default/d_yunbei-c6964bf237.png"" style=""width:1em;height:1em;"" alt=""[允悲]""></span>"
4169032624238847,平凡的清水宁静2037,8分钟前,荣耀8青春版 颜值担当,6309534030,https://m.weibo.cn/u/6309534030?uid=6309534030,https://tvax2.sinaimg.cn/crop.0.0.80.80.180/006T0a1Uly8fhahlbieh3j3028028q2p.jpg,且行且珍惜
4169032498629538,现实主义day,9分钟前,OPPO R9s,5490963726,https://m.weibo.cn/u/5490963726?uid=5490963726,https://tvax3.sinaimg.cn/crop.0.0.996.996.180/005ZBwv4ly8feot8h8ul1j30ro0roac6.jpg,小鹿:你和关晓彤八字不合，自己认真斟酌。
4169032384455204,卡卡的正能量小天使哈哈,9分钟前,vivo智能手机,6318537923,https://m.weibo.cn/u/6318537923?uid=6318537923,https://tvax2.sinaimg.cn/crop.0.0.664.664.180/006TBWlZly8fi8i3ajzb6j30ig0igt9k.jpg,生命冲不破时间的麻木………………越不过距离的桎梏………………<a href='https://m.weibo.cn/n/M鹿M'>@M鹿M</a>
4169032053278408,失恋百分百,11分钟前,iPhone 7 Plus,6369948740,https://m.weibo.cn/u/6369948740?uid=6369948740,https://tvax1.sinaimg.cn/crop.0.2.1242.1242.180/006X5EEIly8fkbp1ox54kj30yi0ymgq4.jpg,失恋第二十四天
4169031810402078,m紫云儿c,12分钟前,微博 weibo.com,5580195691,https://m.weibo.cn/u/5580195691?uid=5580195691,https://tvax2.sinaimg.cn/crop.131.23.239.239.180/0065DVOjgy1fkgrkhvy4bj30b30a8ab4.jpg,"<a class='k' href='https://m.weibo.cn/k/%E9%B9%BF%E6%99%97?from=feed'>#鹿晗#</a>  <a class='k' href='https://m.weibo.cn/k/%E9%B9%BF%E6%99%97%E7%83%AD%E8%A1%80%E8%A1%97%E8%88%9E%E5%9B%A2?from=feed'>#鹿晗热血街舞团#</a>  <a class='k' href='https://m.weibo.cn/k/%E7%83%AD%E8%A1%80%E8%A1%97%E8%88%9E%E5%9B%A2?from=feed'>#热血街舞团#</a>   期待舞蹈鹿鹿晗<a href='https://m.weibo.cn/n/M鹿M'>@M鹿M</a> ，期待精彩的节目！ <span class=""url-icon""><img src=""//h5.sinaimg.cn/m/emoticon/icon/minions/minions_gaoxing-fa40ea5822.png"" style=""width:1em;height:1em;"" alt=""[小黄人高兴]""></span><span class=""url-icon""><img src=""//h5.sinaimg.cn/m/emoticon/icon/minions/minions_gaoxing-fa40ea5822.png"" style=""width:1em;height:1em;"" alt=""[小黄人高兴]""></span><span class=""url-icon""><img src=""//h5.sinaimg.cn/m/emoticon/icon/minions/minions_gaoxing-fa40ea5822.png"" style=""width:1em;height:1em;"" alt=""[小黄人高兴]""></span>"
4169031735513337,M鹿良人M,12分钟前,OPPO智能手机,5949784660,https://m.weibo.cn/u/5949784660?uid=5949784660,https://tvax2.sinaimg.cn/crop.0.0.664.664.180/006uEGMIly8fl0lt1gia2j30ig0igdhl.jpg,爱你咔咔的！！！
4169031437040937,康丫丫的天空,13分钟前,iPhone 6s Plus,3846534816,https://m.weibo.cn/u/3846534816?uid=3846534816,https://tvax3.sinaimg.cn/crop.16.0.1093.1093.180/e54576a0ly8fkgxqu10mrj20v90ud41n.jpg,<a class='k' href='https://m.weibo.cn/k/%E9%B9%BF%E6%99%97?from=feed'>#鹿晗#</a> <a class='k' href='https://m.weibo.cn/k/%E9%B9%BF%E6%99%97%E7%83%AD%E8%A1%80%E8%A1%97%E8%88%9E%E5%9B%A2?from=feed'>#鹿晗热血街舞团#</a>   期待你的新综艺节目 <a class='k' href='https://m.weibo.cn/k/%E7%83%AD%E8%A1%80%E8%A1%97%E8%88%9E%E5%9B%A2?from=feed'>#热血街舞团#</a>，太想看你跳舞了！<a href='https://m.weibo.cn/n/M鹿M'>@M鹿M</a> 【欧舒丹】加油哦！
4169033181320914,橙味儿小小小仙女吖,6分钟前,iPad客户端,5566279543,https://m.weibo.cn/u/5566279543?uid=5566279543,https://tvax4.sinaimg.cn/crop.0.1.1536.1536.180/0064HxAjly8fl0mzjffipj316o16rq6x.jpg,"回复<a href='https://m.weibo.cn/n/鹿晗的世界没有了吴世勋'>@鹿晗的世界没有了吴世勋</a>:虽然说不讨厌关晓彤吧但是真的觉得他俩不配啊<span class=""url-icon""><img src=""//h5.sinaimg.cn/m/emoticon/icon/default/d_yunbei-c6964bf237.png"" style=""width:1em;height:1em;"" alt=""[允悲]""></span>"
4169032624238847,平凡的清水宁静2037,9分钟前,荣耀8青春版 颜值担当,6309534030,https://m.weibo.cn/u/6309534030?uid=6309534030,https://tvax2.sinaimg.cn/crop.0.0.80.80.180/006T0a1Uly8fhahlbieh3j3028028q2p.jpg,且行且珍惜
4169032498629538,现实主义day,9分钟前,OPPO R9s,5490963726,https://m.weibo.cn/u/5490963726?uid=5490963726,https://tvax3.sinaimg.cn/crop.0.0.996.996.180/005ZBwv4ly8feot8h8ul1j30ro0roac6.jpg,小鹿:你和关晓彤八字不合，自己认真斟酌。
4169032384455204,卡卡的正能量小天使哈哈,9分钟前,vivo智能手机,6318537923,https://m.weibo.cn/u/6318537923?uid=6318537923,https://tvax2.sinaimg.cn/crop.0.0.664.664.180/006TBWlZly8fi8i3ajzb6j30ig0igt9k.jpg,生命冲不破时间的麻木………………越不过距离的桎梏………………<a href='https://m.weibo.cn/n/M鹿M'>@M鹿M</a>
4169032053278408,失恋百分百,11分钟前,iPhone 7 Plus,6369948740,https://m.weibo.cn/u/6369948740?uid=6369948740,https://tvax1.sinaimg.cn/crop.0.2.1242.1242.180/006X5EEIly8fkbp1ox54kj30yi0ymgq4.jpg,失恋第二十四天
4169031810402078,m紫云儿c,12分钟前,微博 weibo.com,5580195691,https://m.weibo.cn/u/5580195691?uid=5580195691,https://tvax2.sinaimg.cn/crop.131.23.239.239.180/0065DVOjgy1fkgrkhvy4bj30b30a8ab4.jpg,"<a class='k' href='https://m.weibo.cn/k/%E9%B9%BF%E6%99%97?from=feed'>#鹿晗#</a>  <a class='k' href='https://m.weibo.cn/k/%E9%B9%BF%E6%99%97%E7%83%AD%E8%A1%80%E8%A1%97%E8%88%9E%E5%9B%A2?from=feed'>#鹿晗热血街舞团#</a>  <a class='k' href='https://m.weibo.cn/k/%E7%83%AD%E8%A1%80%E8%A1%97%E8%88%9E%E5%9B%A2?from=feed'>#热血街舞团#</a>   期待舞蹈鹿鹿晗<a href='https://m.weibo.cn/n/M鹿M'>@M鹿M</a> ，期待精彩的节目！ <span class=""url-icon""><img src=""//h5.sinaimg.cn/m/emoticon/icon/minions/minions_gaoxing-fa40ea5822.png"" style=""width:1em;height:1em;"" alt=""[小黄人高兴]""></span><span class=""url-icon""><img src=""//h5.sinaimg.cn/m/emoticon/icon/minions/minions_gaoxing-fa40ea5822.png"" style=""width:1em;height:1em;"" alt=""[小黄人高兴]""></span><span class=""url-icon""><img src=""//h5.sinaimg.cn/m/emoticon/icon/minions/minions_gaoxing-fa40ea5822.png"" style=""width:1em;height:1em;"" alt=""[小黄人高兴]""></span>"
4169031735513337,M鹿良人M,12分钟前,OPPO智能手机,5949784660,https://m.weibo.cn/u/5949784660?uid=5949784660,https://tvax2.sinaimg.cn/crop.0.0.664.664.180/006uEGMIly8fl0lt1gia2j30ig0igdhl.jpg,爱你咔咔的！！！
4169031437040937,康丫丫的天空,13分钟前,iPhone 6s Plus,3846534816,https://m.weibo.cn/u/3846534816?uid=3846534816,https://tvax3.sinaimg.cn/crop.16.0.1093.1093.180/e54576a0ly8fkgxqu10mrj20v90ud41n.jpg,<a class='k' href='https://m.weibo.cn/k/%E9%B9%BF%E6%99%97?from=feed'>#鹿晗#</a> <a class='k' href='https://m.weibo.cn/k/%E9%B9%BF%E6%99%97%E7%83%AD%E8%A1%80%E8%A1%97%E8%88%9E%E5%9B%A2?from=feed'>#鹿晗热血街舞团#</a>   期待你的新综艺节目 <a class='k' href='https://m.weibo.cn/k/%E7%83%AD%E8%A1%80%E8%A1%97%E8%88%9E%E5%9B%A2?from=feed'>#热血街舞团#</a>，太想看你跳舞了！<a href='https://m.weibo.cn/n/M鹿M'>@M鹿M</a> 【欧舒丹】加油哦！
